,idx,종목코드,회사명,현재가,발행주식수,자사주,매출_16,매출_17,매출_18,매출_19,매출_20,매출_21,매출_22,매출_23,영이_16,영이_17,영이_18,영이_19,영이_20,영이_21,영이_22,영이_23,당순_16,당순_17,당순_18,당순_19,당순_20,당순_21,당순_22,당순_23,자산_16,자산_17,자산_18,자산_19,자산_20,자산_21,자산_22,자산_23,부채_16,부채_17,부채_18,부채_19,부채_20,부채_21,부채_22,부채_23,자본_16,자본_17,자본_18,자본_19,자본_20,자본_21,자본_22,자본_23,지배_16,지배_17,지배_18,지배_19,지배_20,지배_21,지배_22,지배_23,자본금_16,자본금_17,자본금_18,자본금_19,자본금_20,자본금_21,자본금_22,자본금_23,ROA_16,ROA_17,ROA_18,ROA_19,ROA_20,ROA_21,ROA_22,ROA_23,ROE_16,ROE_17,ROE_18,ROE_19,ROE_20,ROE_21,ROE_22,ROE_23,EPS_16,EPS_17,EPS_18,EPS_19,EPS_20,EPS_21,EPS_22,EPS_23,PER_16,PER_17,PER_18,PER_19,PER_20,PER_21,PER_22,PER_23,PBR_16,PBR_17,PBR_18,PBR_19,PBR_20,PBR_21,PBR_22,PBR_23,발주_16,발주_17,발주_18,발주_19,발주_20,발주_21,발주_22,발주_23
0,0,109740,디에스케이 *,"9,520/ -730","20,354,763/ 0","438,842",471,"1,033","1,179",765,326, , , ,55,135,223,55,-141, , , ,27,-423,170,39,-188, , , ,"1,794","1,633","1,645","1,719","1,622", , , ,951,871,578,466,567, , , ,843,762,"1,066","1,253","1,054", , , ,503,792,"1,057","1,126",962, , , ,33,101,102,102,102, , , ,2.33,-24.69,10.39,2.31,-11.23, , , ,10.29,-42.51,21.27,5.70,-14.54, , , ,362,"-1,632",966,306,-746, , , ,46.12,N/A,6.80,29.75,N/A, , , ,4.31,2.49,1.24,1.61,1.28, , , ,"13,000","20,300","20,355","20,355","20,355", , , 
1,1,095700,제넥신 *,"89,100/ -500","25,009,432/ 0","21,607",114,285,129,113,185, , , ,-309,-269,-381,-445,-392, , , ,-309,-193,-341,-165,275, , , ,"1,586","1,407","3,748","3,582","5,969", , , ,285,268,543,613,604, , , ,"1,301","1,139","3,205","2,969","5,365", , , ,"1,301","1,139","3,205","2,969","5,356", , , ,97,100,113,119,123, , , ,-20.57,-12.92,-13.22,-4.50,5.77, , , ,-24.18,-15.84,-15.68,-5.35,6.62, , , ,"-1,551",-983,"-1,569",-718,"1,138", , , ,N/A,N/A,N/A,N/A,109.25, , , ,6.45,12.86,5.13,5.00,5.73, , , ,"17,790","20,067","20,427","23,761","24,698", , , 
2,2,108230,톱텍 *,"11,000/ -150","38,023,245/ 0","66,051","3,927","11,384","3,088","1,672","3,220", , , ,420,"2,117",82,-66,289, , , ,259,"1,495",177,2,138, , , ,"4,707","4,452","3,928","4,510","4,718", , , ,"2,823","1,178",489,"1,091",649, , , ,"1,885","3,274","3,438","3,419","4,069", , , ,"1,890","3,280","3,347","3,341","3,627", , , ,182,182,185,185,191, , , ,7.61,32.64,4.22,0.05,3.00, , , ,15.34,57.85,5.96,1.09,3.03, , , ,702,"4,065",537,99,278, , , ,32.28,7.01,14.29,100.45,44.30, , , ,4.41,3.15,0.77,1.01,1.19, , , ,"36,796","36,796","36,796","36,796","38,023", , , 
3,3,100130,동국S&C *,"6,030/ -90","57,143,000/ 0",0,"3,839","3,679","3,631","3,178","2,947", , , ,256,113,-54,142,107, , , ,160,62,-114,90,38, , , ,"4,346","4,386","3,993","4,009","3,970", , , ,"1,475","1,533","1,281","1,247","1,221", , , ,"2,871","2,853","2,712","2,762","2,749", , , ,"2,664","2,658","2,563","2,618","2,602", , , ,286,286,286,286,286, , , ,3.82,1.41,-2.73,2.24,0.95, , , ,6.18,2.74,-2.55,3.69,1.34, , , ,282,127,-116,167,61, , , ,20.10,44.90,N/A,15.41,131.52, , , ,1.16,1.17,0.62,0.54,1.68, , , ,"57,143","57,143","57,143","57,143","57,143", , , 
4,4,103230,에스앤더블류 *,"2,505/ +0","7,200,000/ 0",0,422,327,302,360,335, , , ,-21,-46,-83,-22,-9, , , ,-11,-42,-102,-28,6, , , ,702,641,579,556,531, , , ,140,117,156,166,133, , , ,563,524,422,390,398, , , ,563,524,422,390,398, , , ,36,36,36,36,36, , , ,-1.50,-6.24,-16.75,-4.86,1.15, , , ,-1.89,-7.71,-21.59,-6.79,1.58, , , ,-149,-582,"-1,419",-383,87, , , ,N/A,N/A,N/A,N/A,35.79, , , ,0.63,0.39,2.48,0.61,0.56, , , ,"7,200","7,200","7,200","7,200","7,200", , , 
5,5,063080,게임빌 *,"35,700/ -600","6,595,192/ 0",500,"1,615","1,064","1,125","1,199","1,338","1,449","1,662","1,837",43,-201,-176,-171,237,392,507,604,265,86,-54,118,201,281,356,427,"3,276","3,380","3,541","3,993","4,330","4,776","5,155","5,622",912,936,"1,102","1,445","1,541","1,705","1,726","1,763","2,364","2,445","2,439","2,548","2,788","3,071","3,429","3,859","2,357","2,432","2,388","2,513","2,755","3,031","3,386","3,808",33,33,33,33,33,32,32,32,8.02,2.58,-1.57,3.14,4.84,6.17,7.18,7.92,11.88,3.56,-2.45,5.54,7.68,9.61,10.99,11.71,"4,084","1,294",-896,"2,057","3,067","4,215","5,347","6,388",11.92,71.33,N/A,14.70,12.01,8.47,6.68,5.59,1.33,2.46,1.48,0.78,0.87,0.77,0.69,0.61,"6,522","6,595","6,595","6,595","6,595", , , 
6,6,109860,동일금속 *,"14,500/ -100","7,000,000/ 0","563,000",590,712,960,866,586, , , ,16,28,97,126,33, , , ,37,38,95,157,66, , , ,"1,204","1,220","1,309","1,426","1,413", , , ,187,199,204,177,120, , , ,"1,016","1,021","1,105","1,250","1,292", , , ,"1,011","1,015","1,098","1,242","1,285", , , ,35,35,35,35,35, , , ,3.08,3.14,7.49,11.47,4.68, , , ,3.62,3.70,8.93,13.31,5.26, , , ,515,535,"1,348","2,226",949, , , ,19.72,13.79,7.79,5.62,12.17, , , ,0.67,0.48,0.64,0.68,0.61, , , ,"7,000","7,000","7,000","7,000","7,000", , , 
7,7,102120,어보브반도체 *,"14,850/ -600","17,459,653/ 0","1,500","1,032","1,058","1,095","1,268","1,442", , , ,93,75,78,139,176, , , ,70,-50,82,134,140, , , ,990,898,952,"1,105","1,401", , , ,188,159,163,201,387, , , ,802,739,789,903,"1,013", , , ,802,739,789,903,"1,013", , , ,87,87,87,87,87, , , ,7.34,-5.25,8.92,13.00,11.21, , , ,9.01,-6.43,10.80,15.80,14.65, , , ,398,-284,472,766,804, , , ,23.14,N/A,8.92,9.26,22.01, , , ,1.93,1.71,0.87,1.29,2.89, , , ,"17,460","17,460","17,460","17,460","17,460", , , 
8,8,101730,위메이드맥스 *,"5,530/ +110","15,795,635/ 0",0,315,322,288,305,379, , , ,-41,-83,-127,-110,-52, , , ,-17,-120,-417,-160,-100, , , ,921,823,414,272,421, , , ,186,207,202,226,138, , , ,735,616,212,45,283, , , ,701,594,223,80,237, , , ,43,43,43,43,79, , , ,-1.83,-13.71,-67.44,-46.64,-28.88, , , ,-2.47,-16.53,-93.92,-91.98,-65.68, , , ,-186,"-1,136","-4,073","-1,479","-1,090", , , ,N/A,N/A,N/A,N/A,N/A, , , ,0.77,1.24,1.51,2.27,1.50, , , ,"9,423","9,423","9,423","9,423","15,796", , , 
9,9,102710,이엔에프테크놀로지 *,"37,200/ -1,200","14,287,836/ 0","8,000","3,317","3,870","4,254","4,810","4,866","4,813","4,910","5,070",451,453,356,596,682,379,520,610,216,260,290,467,474,310,400,480,"2,556","2,652","3,107","3,862","4,635","4,850","5,150","5,500",893,744,865,"1,172","1,490","1,440","1,390","1,300","1,663","1,908","2,242","2,690","3,145","3,410","3,760","4,200","1,617","1,881","2,217","2,659","3,095","3,360","3,720","4,160",71,71,71,71,71,70,70,70,9.07,9.99,10.08,13.41,11.16,6.54,8.00,9.01,16.41,15.90,14.05,18.90,16.06,9.29,11.02,11.93,"1,741","1,958","2,026","3,239","3,245","2,100","2,730","3,290",13.61,13.18,6.20,8.83,14.68,17.71,13.63,11.31,2.07,1.95,0.81,1.53,2.19,1.58,1.43,1.28,"14,200","14,200","14,228","14,228","14,258", , , 
10,10,099440,스맥 *,"2,125/ -55","30,734,609/ 0",0,"1,228","1,611","1,337","1,370","1,137", , , ,42,47,-6,-148,-181, , , ,20,3,-17,-170,-299, , , ,"2,156","2,045","2,207","2,250","1,881", , , ,"1,251","1,085","1,243","1,285","1,135", , , ,905,960,964,966,746, , , ,905,960,964,966,746, , , ,119,127,136,141,154, , , ,1.01,0.16,-0.79,-7.62,-14.47, , , ,2.26,0.36,-1.74,-17.61,-34.92, , , ,89,13,-62,-603,-972, , , ,45.41,295.57,N/A,N/A,N/A, , , ,0.88,0.87,0.69,0.57,0.63, , , ,"23,717","25,301","27,220","28,174","30,735", , , 
11,11,099220,SDN *,"2,715/ -30","53,169,438/ 0","9,615",362,526,609,650,800, , , ,14,38,29,30,2, , , ,-10,27,20,40,84, , , ,976,"1,094","1,176","1,355","1,946", , , ,485,558,507,594,"1,039", , , ,491,536,669,760,907, , , ,491,536,669,760,902, , , ,176,176,209,232,241, , , ,-0.98,2.64,1.72,3.16,5.06, , , ,-1.98,5.33,3.24,5.59,10.05, , , ,-28,78,47,86,173, , , ,N/A,21.59,34.73,34.67,21.27, , , ,1.06,1.10,1.01,1.82,1.97, , , ,"35,169","35,169","41,731","46,305","48,179", , , 
12,12,101680,한국정밀기계 *,"1,440/ +0","8,404,000/ 0",77,230,447,429,453,172, , , ,-73,-138,-150,-14,-126, , , ,-212,-275,-185,-12,-130, , , ,"1,371","1,091",906,860,737, , , ,284,313,331,292,304, , , ,"1,086",778,575,568,433, , , ,"1,086",778,575,568,433, , , ,42,42,42,42,42, , , ,-14.34,-22.32,-18.55,-1.39,-16.24, , , ,-18.01,-29.48,-27.39,-2.15,-25.90, , , ,"-2,526","-3,270","-2,204",-146,"-1,543", , , ,N/A,N/A,N/A,N/A,N/A, , , ,0.48,0.37,0.52,0.40,0.32, , , ,"8,404","8,404","8,404","8,404","8,404", , , 
13,13,010240,흥국 *,"10,250/ -400","12,322,696/ 0",0,627,916,"1,180","1,045","1,191", , , ,52,88,111,89,156, , , ,36,70,83,70,118, , , ,695,780,883,924,"1,086", , , ,198,228,267,249,345, , , ,497,553,617,675,740, , , ,497,553,617,675,740, , , ,31,31,62,62,62, , , ,5.06,9.43,10.00,7.75,11.70, , , ,7.50,13.25,14.23,10.84,16.61, , , ,294,564,675,568,954, , , ,16.84,6.26,9.48,7.79,6.09, , , ,1.23,0.79,1.28,0.81,0.93, , , ,"12,323","12,323","12,323","12,323","12,323", , , 
14,14,101170,우림기계 *,"5,480/ -60","13,500,000/ 0",0,457,542,643,555,601, , , ,6,-18,21,-13,8, , , ,12,-20,42,-7,-80, , , ,964,953,976,982,898, , , ,91,105,92,114,106, , , ,873,849,884,868,792, , , ,873,849,884,868,792, , , ,68,68,68,68,68, , , ,1.21,-2.10,4.38,-0.68,-8.46, , , ,1.35,-2.34,4.88,-0.76,-9.59, , , ,87,-149,313,-49,-589, , , ,95.22,N/A,11.79,N/A,N/A, , , ,1.26,0.63,0.55,0.48,0.84, , , ,"13,500","13,500","13,500","13,500","13,500", , , 
15,15,081150,티플랙스 *,"4,205/ -75","24,268,402/ 0",0,"1,004","1,177","1,217","1,312","1,326", , , ,38,38,35,39,48, , , ,14,29,21,22,38, , , ,"1,292","1,348","1,332","1,520","1,491", , , ,535,527,494,539,478, , , ,757,822,838,980,"1,014", , , ,757,822,838,980,"1,014", , , ,107,121,121,121,121, , , ,1.09,2.17,1.57,1.56,2.52, , , ,1.92,3.62,2.54,2.44,3.81, , , ,75,127,87,91,156, , , ,30.34,13.86,33.30,25.70,20.21, , , ,0.65,0.52,0.84,0.58,0.76, , , ,"21,493","24,268","24,268","24,268","24,268", , , 
16,16,098660,에스티오 *,"3,250/ -25","12,500,976/ 0",0,"1,005",908,883,851,684, , , ,51,11,5,54,-11, , , ,32,-1,-3,33,-27, , , ,755,703,686,682,661, , , ,416,367,356,330,356, , , ,339,337,330,351,304, , , ,339,337,330,351,304, , , ,42,42,42,63,63, , , ,4.24,-0.19,-0.42,4.79,-4.03, , , ,9.89,-0.40,-0.89,9.61,-8.24, , , ,257,-11,-24,262,-216, , , ,10.51,N/A,N/A,9.05,N/A, , , ,0.95,0.68,0.66,0.81,0.84, , , ,"12,501","12,501","12,501","12,501","12,501", , , 
17,17,071670,에이테크솔루션 *,"17,700/ -1,300","10,000,000/ 0","172,240","2,291","2,129","1,940","2,282","2,401", , , ,22,-4,10,28,40, , , ,13,-5,7,15,29, , , ,"1,598","1,669","1,765","1,890","1,823", , , ,924,999,"1,080","1,181","1,096", , , ,674,669,686,708,727, , , ,670,664,680,701,719, , , ,50,50,50,50,50, , , ,0.77,-0.29,0.38,0.85,1.57, , , ,1.94,-0.84,0.86,2.08,3.96, , , ,128,-56,58,144,281, , , ,81.44,N/A,134.22,51.35,43.09, , , ,1.55,1.82,1.14,1.04,1.66, , , ,"10,000","10,000","10,000","10,000","10,000", , , 
18,18,101490,에스앤에스텍 *,"36,050/ +50","21,451,447/ 0","621,177",540,539,610,845,874, , , ,73,24,52,111,110, , , ,90,31,46,101,110, , , ,"1,210","1,210","1,238","1,356","1,860", , , ,458,426,441,470,215, , , ,751,784,797,886,"1,645", , , ,751,784,797,886,"1,645", , , ,99,99,99,99,107, , , ,8.25,2.59,3.78,7.79,6.84, , , ,12.74,4.08,5.85,12.00,8.69, , , ,455,159,234,512,539, , , ,17.70,27.16,16.09,23.84,80.65, , , ,2.11,1.09,0.91,2.65,5.60, , , ,"19,735","19,735","19,735","19,735","21,451", , , 
19,19,100120,뷰웍스 *,"45,050/ +550","10,001,865/ 0","701,930","1,173","1,235","1,314","1,360","1,603","1,913","2,145","2,330",305,286,226,264,291,380,418,460,269,196,208,243,230,331,338,370,"1,299","1,376","1,564","1,810","1,969","2,273","2,690","3,050",196,116,156,196,263,318,410,440,"1,104","1,261","1,407","1,615","1,706","1,956","2,280","2,610","1,103","1,262","1,408","1,614","1,703","1,954","2,280","2,610",50,50,50,50,50,50,50,50,23.68,14.66,14.15,14.42,12.15,15.61,13.62,12.89,27.68,16.60,15.56,16.03,13.80,18.05,16.06,15.13,"2,697","1,963","2,077","2,421","2,289","3,299","3,399","3,699",22.17,20.84,15.89,13.01,13.26,13.65,13.25,12.18,5.37,3.16,2.25,1.88,1.64,2.14,1.85,1.63,"10,002","10,002","10,002","10,002","10,002", , , 
20,20,102940,코오롱생명과학 *,"31,450/ -100","11,412,356/ 0","12,187","1,583","1,181","1,327","1,485","1,294", , , ,185,-55,-346,-265,-258, , , ,127,-14,-507,-923,-432, , , ,"3,546","7,168","6,189","2,783","2,483", , , ,948,"1,714","1,728","1,773","1,904", , , ,"2,598","5,454","4,461","1,010",580, , , ,"2,598","5,454","4,461","1,010",580, , , ,38,38,57,57,57, , , ,4.34,-0.26,-7.59,-20.58,-16.40, , , ,6.41,-0.35,-10.22,-33.75,-54.34, , , ,"1,164",-123,"-4,442","-8,090","-3,785", , , ,67.31,N/A,N/A,N/A,N/A, , , ,3.44,2.21,1.90,2.02,5.64, , , ,"11,412","11,412","11,412","11,412","11,412", , , 
21,21,101400,엔시트론 *,"1,230/ -20","32,295,909/ 0","1,766,784",418,263,163,109,108, , , ,0,-58,-106,-58,-29, , , ,-13,-87,-178,-101,-69, , , ,346,400,317,350,288, , , ,224,242,225,169,114, , , ,122,157,92,180,174, , , ,122,157,58,157,174, , , ,69,81,103,135,161, , , ,-3.90,-23.42,-49.70,-30.17,-21.57, , , ,-10.67,-62.43,-164.72,-90.47,-41.45, , , ,-96,-597,-896,-370,-244, , , ,N/A,N/A,N/A,N/A,N/A, , , ,2.69,3.41,10.26,3.45,1.61, , , ,"13,763","16,233","20,697","27,079","32,296", , , 
22,22,106240,파인테크닉스 *,"8,970/ -790","45,192,369/ 0","107,239","2,163","1,750","1,297","1,279","1,698", , , ,6,-269,-188,81,101, , , ,10,-424,-212,-22,63, , , ,"2,512","1,988","1,564","1,419","1,389", , , ,"1,205","1,140",858,589,597, , , ,"1,307",848,706,830,793, , , ,"1,034",620,464,569,610, , , ,167,174,188,214,217, , , ,0.33,-18.84,-11.92,-1.44,4.50, , , ,1.21,-49.64,-40.49,0.59,9.23, , , ,37,"-1,181",-584,7,125, , , ,92.94,N/A,N/A,583.85,35.25, , , ,1.10,1.39,1.09,3.11,3.13, , , ,"33,485","34,762","37,608","42,843","43,407", , , 
23,23,086890,이수앱지스 *,"13,550/ +750","33,182,668/ 0",0,191,195,167,210,256, , , ,-31,-80,-126,-158,-132, , , ,-44,-87,-130,-178,-199, , , ,575,778,698,928,827, , , ,143,157,101,376,392, , , ,433,621,597,552,436, , , ,433,621,597,552,436, , , ,99,125,133,133,141, , , ,-6.85,-12.91,-17.60,-21.91,-22.64, , , ,-9.72,-16.58,-21.33,-31.01,-40.23, , , ,-204,-400,-493,-669,-703, , , ,N/A,N/A,N/A,N/A,N/A, , , ,3.98,3.53,2.83,3.21,4.66, , , ,"21,520","24,960","26,625","26,625","28,265", , , 
24,24,104040,대성파인텍 *,"2,765/ -110","31,301,281/ 0","2,370,560",477,425,386,375,321, , , ,49,34,8,3,10, , , ,40,21,30,13,16, , , ,678,876,924,920,868, , , ,259,387,407,388,330, , , ,419,488,517,532,538, , , ,418,487,516,530,538, , , ,28,31,31,31,31, , , ,6.23,2.75,3.31,1.43,1.77, , , ,10.17,4.75,5.93,2.33,2.96, , , ,141,76,95,39,51, , , ,19.03,24.91,17.22,34.28,42.74, , , ,1.79,1.20,0.97,0.77,1.23, , , ,"28,203","31,301","31,301","31,301","31,301", , , 
25,25,078070,유비쿼스홀딩스 *,"20,500/ -100","18,696,628/ 0",0,77,78,862,"1,125","1,214", , , ,25,16,174,137,216, , , ,239,967,167,139,190, , , ,"2,501","1,611","2,790","2,951","3,180", , , ,324,53,333,400,435, , , ,"2,178","1,557","2,456","2,551","2,745", , , ,"2,178","1,557","1,960","2,003","2,079", , , ,106,80,103,103,103, , , ,9.38,47.03,7.58,4.85,6.19, , , ,11.33,51.78,5.12,3.53,4.68, , , ,"1,129","5,715",481,374,511, , , ,6.69,1.21,16.61,53.82,53.04, , , ,0.69,0.61,0.71,1.76,2.29, , , ,"21,200","16,076","18,697","18,697","18,697", , , 
26,26,086900,메디톡스 *,"192,100/ +0","6,254,384/ 545,727",0,"1,333","1,812","2,054","2,059","1,408","1,790","2,153","3,219",752,870,855,257,-371,177,504,"1,319",592,700,698,256,-300,686,367,987,"3,240","3,809","3,950","4,215","4,678","6,253","6,548","7,822","1,764","1,844","1,378","1,588","2,230","2,186","2,172","2,518","1,477","1,965","2,572","2,627","2,448","4,067","4,376","5,304","1,477","1,917","2,526","2,591","2,414","4,035","4,344","5,270",28,28,28,29,31,34,34,34,22.45,19.86,17.98,6.26,-6.76,12.55,5.73,13.74,45.36,41.32,31.50,10.24,-11.82,21.31,8.76,20.49,"9,470","11,209","11,186","4,190","-4,729","10,288","5,397","14,485",32.54,37.39,45.89,65.57,N/A,18.67,35.59,13.26,10.11,10.52,10.39,5.21,3.47,2.70,2.53,2.15,"6,254","6,254","6,254","6,254","6,254", , , 
27,27,058630,엠게임 *,"9,460/ -530","19,543,877/ 0",0,305,275,271,376,424, , , ,42,49,36,72,106, , , ,37,26,25,77,69, , , ,391,444,413,485,570, , , ,119,100,89,86,106, , , ,271,345,325,400,464, , , ,271,345,324,401,464, , , ,96,98,98,98,98, , , ,9.87,6.31,5.91,17.25,13.15, , , ,15.08,8.55,8.15,21.89,15.71, , , ,196,137,139,406,348, , , ,27.49,34.23,21.31,8.47,15.31, , , ,3.79,2.65,1.79,1.68,2.15, , , ,"19,108","19,544","19,544","19,544","19,544", , , 
28,28,059100,아이컴포넌트 *,"8,360/ +80","7,070,860/ 0","49,200",536,245,257,290,291, , , ,55,-41,-34,-15,17, , , ,57,-83,-31,-12,4, , , ,694,565,535,498,465, , , ,282,233,235,211,173, , , ,412,332,300,287,292, , , ,412,332,300,287,292, , , ,35,35,35,35,35, , , ,8.72,-13.19,-5.69,-2.41,0.83, , , ,15.27,-22.34,-9.91,-4.25,1.38, , , ,804,"-1,174",-443,-176,57, , , ,17.24,N/A,N/A,N/A,77.76, , , ,2.34,1.57,1.51,1.30,1.04, , , ,"7,071","7,071","7,071","7,071","7,071", , , 
29,29,067630,에이치엘비생명과학 *,"10,400/ -100","94,180,906/ 0",0,422,"1,064","1,025","1,140",918, , , ,-14,10,-80,-45,-81, , , ,-13,78,-33,-76,-558, , , ,827,990,"3,863","4,049","3,272", , , ,550,462,"1,650",705,395, , , ,277,528,"2,212","3,344","2,877", , , ,277,528,"2,191","3,338","2,872", , , ,123,138,186,240,240, , , ,-2.00,8.54,-1.36,-1.91,-15.25, , , ,-4.67,19.28,-2.26,-2.75,-17.97, , , ,-26,142,-53,-81,-591, , , ,N/A,27.30,N/A,N/A,N/A, , , ,4.65,4.01,2.86,3.92,4.47, , , ,"48,356","54,490","72,597","94,115","94,141", , , 
30,30,092130,이크레더블 *,"21,050/ -50","12,043,600/ 0","627,666",315,341,372,409,429,446,462,478,121,134,153,167,169,174,182,190,98,109,125,137,131,140,145,152,446,494,566,626,675,729,784,842,72,74,85,89,96,95,95,95,375,420,481,537,579,634,689,747,375,420,481,537,579,634,689,747,61,61,61,61,61,61,61,61,23.72,23.20,23.63,22.90,20.06,19.94,19.17,18.70,28.07,27.45,27.80,26.81,23.40,23.09,21.92,21.17,817,905,"1,040","1,134","1,084","1,162","1,204","1,262",16.15,16.07,15.10,16.37,21.69,18.11,17.48,16.68,4.24,4.17,3.93,4.16,4.89,4.00,3.68,3.39,"12,044","12,044","12,044","12,044","12,044", , , 
31,31,100700,세운메디칼 *,"5,130/ -80","43,800,000/ 0",0,566,612,631,669,637, , , ,117,125,180,169,144, , , ,85,93,101,100,108, , , ,853,861,969,"1,045","1,095", , , ,110,74,92,83,62, , , ,743,787,877,962,"1,033", , , ,731,777,863,952,"1,020", , , ,44,44,44,44,44, , , ,10.36,10.86,11.01,9.91,10.13, , , ,12.04,12.17,11.79,10.44,10.65, , , ,191,210,221,216,240, , , ,22.72,17.42,17.07,14.91,26.25, , , ,2.56,2.03,1.89,1.47,2.67, , , ,"43,800","43,800","43,800","43,800","43,800", , , 
32,32,098120,마이크로컨텍솔 *,"10,700/ +200","8,312,766/ 0","27,154",272,270,257,344,393, , , ,-6,-18,-35,6,17, , , ,-2,-39,-45,8,11, , , ,447,413,358,380,427, , , ,37,44,39,47,82, , , ,410,369,319,334,345, , , ,406,367,319,331,344, , , ,42,42,42,42,42, , , ,-0.54,-8.96,-11.67,2.25,2.77, , , ,-0.41,-9.24,-12.82,2.77,3.32, , , ,-20,-430,-529,108,135, , , ,N/A,N/A,N/A,44.81,45.82, , , ,1.41,1.07,0.62,1.22,1.49, , , ,"8,313","8,313","8,313","8,313","8,313", , , 
33,33,083470,이엠앤아이 *,"1,390/ +0","27,424,515/ 0","2,000,000","1,244",968,185,74,102, , , ,-20,-25,-7,-32,-25, , , ,-31,-337,-488,272,-36, , , ,"1,035",698,323,99,177, , , ,568,550,638,54,122, , , ,467,148,-315,45,55, , , ,467,148,-315,45,55, , , ,105,106,124,87,112, , , ,-3.19,-38.95,-95.53,129.02,-26.36, , , ,-6.71,-109.80,완전잠식,완전잠식,-72.69, , , ,"-6,307","-67,250","-91,857","10,838",-179, , , ,N/A,N/A,N/A,0.13,N/A, , , ,0.13,0.16,N/A,5.33,5.68, , , ,496,503,584,"17,425","22,425", , , 
34,34,100090,삼강엠앤티 *,"17,150/ -250","36,574,368/ 0",0,"1,731","1,231","1,440","3,845","4,272","5,061","6,520","7,280",105,-210,-353,-206,290,390,535,628,32,963,-602,-371,122,285,376,431,"2,383","5,305","5,381","6,279","6,600","6,783","7,068","7,576","1,653","2,811","3,124","4,322","4,263","4,177","4,108","4,211",730,"2,494","2,257","1,958","2,337","2,606","2,960","3,365",730,"1,615","1,492","1,345","1,686","1,955","2,309","2,715",84,84,132,139,175,175,175,175,1.26,25.04,-11.26,-6.37,1.90,4.26,5.43,5.89,4.88,82.89,-29.18,-15.40,5.54,14.77,16.60,16.16,204,"5,478","-1,969",-784,240,735,968,"1,110",24.92,0.92,N/A,N/A,89.56,23.32,17.72,15.45,1.24,0.55,0.81,0.93,4.46,3.21,2.72,2.31,"17,740","17,740","26,425","27,863","35,093", , , 
35,35,101390,아이엠 *,"1,465/ -85","67,189,883/ 0",0,"1,924","2,494","1,911","2,022","1,463", , , ,-109,12,-35,-74,-71, , , ,-158,-37,-186,-202,-125, , , ,"1,477","1,362","1,221","1,174",791, , , ,961,887,750,847,575, , , ,515,474,471,327,216, , , ,513,473,469,325,214, , , ,113,113,188,211,211, , , ,-10.27,-2.59,-14.44,-16.89,-12.73, , , ,-29.44,-7.48,-39.59,-50.93,-46.43, , , ,-744,-152,-605,-501,-296, , , ,N/A,N/A,N/A,N/A,N/A, , , ,1.40,1.24,0.90,1.30,1.41, , , ,"24,300","24,300","37,572","42,223","42,223", , , 
36,36,076080,웰크론한텍 *,"4,095/ -65","20,816,746/ 0","39,840","1,323","2,519","2,643","2,708","2,011", , , ,-13,24,34,-58,37, , , ,-7,-50,2,-207,5, , , ,"1,878","2,117","2,254","1,539","1,445", , , ,940,"1,167","1,253",896,807, , , ,938,950,"1,002",643,638, , , ,615,667,661,651,646, , , ,90,97,97,100,100, , , ,-0.40,-2.50,0.11,-10.91,0.35, , , ,-0.06,-1.53,-1.59,-2.99,0.92, , , ,-2,-54,-55,-98,30, , , ,N/A,N/A,N/A,N/A,123.06, , , ,0.76,0.92,0.54,0.59,1.12, , , ,"18,021","19,363","19,363","19,980","19,980", , , 
37,37,101670,코리아에스이 *,"2,095/ +10","18,900,000/ 0","1,750,000",147,156,143,133,130, , , ,9,-8,-29,-26,-35, , , ,9,37,-27,-21,-82, , , ,323,415,390,355,298, , , ,24,35,41,30,54, , , ,298,380,349,326,244, , , ,298,331,311,302,258, , , ,38,38,38,38,38, , , ,2.78,9.95,-6.74,-5.75,-24.97, , , ,3.02,12.23,-5.38,-2.17,-15.76, , , ,48,203,-91,-35,-234, , , ,46.87,8.04,N/A,N/A,N/A, , , ,1.31,0.86,0.96,0.95,0.80, , , ,"18,900","18,900","18,900","18,900","18,900", , , 
38,38,094840,슈프리마에이치큐 *,"9,090/ -270","10,471,840/ 0",0,305,275,321,262,263, , , ,35,26,73,20,43, , , ,39,47,73,82,69, , , ,"1,252","1,293","1,436","1,744","1,816", , , ,69,66,88,107,111, , , ,"1,183","1,227","1,348","1,637","1,705", , , ,"1,169","1,212","1,301","1,459","1,521", , , ,52,52,52,52,52, , , ,3.64,3.66,5.38,5.18,3.85, , , ,3.84,3.95,5.57,5.79,4.49, , , ,413,449,668,763,638, , , ,20.47,12.63,9.43,7.63,11.81, , , ,0.71,0.46,0.48,0.39,0.49, , , ,"10,472","10,472","10,472","10,472","10,472", , , 
39,39,063170,서울옥션 *,"20,000/ -400","16,917,500/ 0","4,451",509,542,620,451,289,771,935,"1,115",96,64,88,-46,-4,152,183,220,66,31,71,-87,-27,124,141,171,"1,316","1,543","2,053","1,728","1,480","1,928","2,073","2,250",590,821,"1,272","1,042",828,"1,159","1,169","1,181",726,723,781,686,652,769,904,"1,069",715,704,759,686,652,769,904,"1,069",85,85,85,85,85,85,85,85,5.15,2.14,3.94,-4.62,-1.69,7.28,7.05,7.91,8.85,4.39,10.00,-9.25,-4.06,17.45,16.86,17.33,363,184,432,-395,-161,733,833,"1,011",26.84,48.14,20.36,N/A,N/A,27.29,24.00,19.79,2.19,1.97,1.83,1.31,1.78,4.10,3.52,3.01,"16,918","16,918","16,918","16,918","16,918", , , 
40,40,047560,이스트소프트 *,"17,100/ -100","11,163,782/ 0","14,704",505,585,647,689,836,994,"1,125","1,265",-26,-9,20,-28,59,97,137,184,-23,-29,20,-161,71, , , ,822,769,931,"1,346","1,500", , , ,502,518,663,801,816, , , ,320,251,268,545,684, , , ,303,231,240,379,402, , , ,49,49,49,49,49, , , ,-3.04,-3.69,2.34,-14.14,5.02, , , ,-9.36,-12.67,6.96,-36.66,15.70,15.67, , ,-278,-342,166,"-1,146",619,564,833,"1,156",N/A,N/A,37.85,N/A,14.47,30.30,20.53,14.80,2.87,2.72,2.29,1.67,1.84, , , ,"9,899","9,899","9,899","9,899","9,899", , , 
41,41,096240,청담러닝 *,"33,050/ -850","7,473,826/ 0","477,891","1,386","1,474","1,527","1,750","1,800","2,152","2,499","2,596",17,140,158,226,169,384,486,505,-199,68,102,112,86,278,360,370,"1,490","1,456","1,663","1,934","2,096","2,300","2,568","2,650",728,619,771,"1,059","1,063","1,075","1,086","1,106",762,837,892,875,"1,033","1,225","1,482","1,544",569,598,662,658,804,988,"1,274", ,34,35,38,38,38,38,38,38,-14.52,4.63,6.52,6.23,4.29,12.65,14.79,14.18,-40.00,6.57,11.47,12.06,9.22,24.55,26.08,22.61,"-3,243",550,967,"1,037",882,"2,944","3,947","3,853",N/A,29.27,19.09,18.08,22.78,11.23,8.37,8.58,1.79,1.56,1.79,1.83,1.87,2.50,1.94, ,"6,897","7,039","7,675","7,675","7,474", , , 
42,42,101160,월덱스 *,"26,750/ -250","16,510,993/ 0",0,695,888,"1,055","1,174","1,557","1,949","2,284","2,845",37,114,220,234,358,460,550,695,5,69,175,194,218,372,424, ,"1,148","1,098","1,318","1,497","1,703", , , ,685,566,608,602,615, , , ,464,532,710,895,"1,088", , , ,464,533,711,897,"1,090", , , ,79,83,83,83,83, , , ,0.43,6.15,14.51,13.80,13.62,21.82, , ,1.23,13.94,28.23,24.22,21.96,35.14, , ,34,421,"1,064","1,180","1,321","2,320","2,859","3,507",84.91,15.11,4.61,7.02,13.32,11.53,9.36,7.63,0.97,1.97,1.14,1.52,2.67, , , ,"15,842","16,511","16,511","16,511","16,511", , , 
43,43,099320,쎄트렉아이 *,"54,900/ -600","9,085,607/ 0","16,000",342,428,461,702,892, , , ,32,54,56,92,137, , , ,32,54,51,74,119, , , ,692,706,777,963,"1,075", , , ,188,158,192,318,337, , , ,504,548,585,645,738, , , ,504,548,580,638,731, , , ,18,18,18,36,36, , , ,4.95,7.72,6.83,8.46,11.64, , , ,6.63,10.76,8.23,11.74,17.32, , , ,449,779,639,984,"1,631", , , ,40.70,26.94,19.52,19.77,19.62, , , ,2.61,2.74,1.52,2.15,3.06, , , ,"7,268","7,268","7,268","7,268","7,268", , , 
44,44,064480,브리지텍 *,"4,965/ -185","11,952,500/ 0","5,123",552,302,465,356,443, , , ,82,-47,7,-39,17, , , ,79,-36,21,-32,9, , , ,626,519,561,423,426, , , ,135,88,167,94,89, , , ,491,431,394,329,336, , , ,491,431,394,329,336, , , ,62,62,62,62,62, , , ,12.74,-6.35,3.82,-6.45,2.04, , , ,17.21,-7.89,5.01,-8.77,2.60, , , ,664,-304,173,-266,72, , , ,10.44,N/A,17.16,N/A,51.80, , , ,1.69,1.67,0.90,1.11,1.30, , , ,"11,953","11,953","11,953","11,953","11,953", , , 
45,45,098460,고영 *,"25,300/ -300","68,654,755/ 0","4,836,163","1,718","2,034","2,382","2,221","1,795","2,541","2,879","3,279",332,437,460,333,158,443,551,631,297,267,423,296,92,406,477,542,"1,951","2,052","2,791","3,055","3,026","3,435","3,773","4,267",379,439,532,618,565,639,676,716,"1,573","1,613","2,259","2,437","2,461","2,796","3,097","3,551","1,569","1,613","2,259","2,437","2,461","2,796","3,097","3,551",68,68,68,69,69,70,70,70,16.79,13.36,17.47,10.11,3.01,12.57,13.23,13.48,20.61,16.76,21.86,12.59,3.74,15.46,16.18,16.31,435,390,618,432,133,592,694,789,20.80,42.32,26.69,48.87,157.37,42.75,36.44,32.05,3.67,5.96,4.77,5.61,5.54,5.91,5.36,4.70,"68,345","68,430","68,440","68,590","68,655", , , 
46,46,067000,조이시티 *,"11,700/ +100","45,254,897/ 0","3,232,000",725,922,872,"1,031","1,654","2,372","3,252","3,708",31,-27,-54,85,205,314,536,645,-53,-115,-79,-19,117,277,478,524,588,506,552,649,"1,113","1,376","1,903","2,453",135,167,287,399,334,319,365,386,453,339,265,250,778,"1,057","1,538","2,067",453,339,266,258,781,"1,050","1,530","2,025",59,59,59,59,77,168,168,168,-7.87,-20.99,-15.01,-3.16,13.28,22.23,29.13,24.07,-9.40,-29.01,-25.69,-4.91,21.79,30.34,37.14,29.74,-157,-337,-228,-38,272,617,"1,059","1,168",N/A,N/A,N/A,N/A,40.44,18.95,11.05,10.02,3.45,2.75,2.36,1.88,4.74,4.08,2.98,2.33,"34,040","34,040","34,040","34,040","44,435", , , 
47,47,018620,우진비앤지 *,"2,620/ -30","28,889,293/ 0","6,653",278,264,306,326,395, , , ,1,-34,-48,20,7, , , ,2,-42,-66,-136,-9, , , ,581,606,600,851,776, , , ,360,376,335,464,356, , , ,221,230,265,387,420, , , ,221,230,265,273,298, , , ,54,60,81,130,138, , , ,0.35,-7.06,-10.99,-18.67,-1.10, , , ,0.80,-18.55,-26.77,-47.55,-7.23, , , ,12,-260,-353,-512,-75, , , ,471.76,N/A,N/A,N/A,N/A, , , ,3.74,2.74,1.33,2.33,2.66, , , ,"15,141","16,121","19,012","25,967","27,593", , , 
48,48,095610,테스 *,"31,500/ -750","19,768,226/ 0","20,000","1,789","2,758","2,871","1,784","2,460","3,785","4,034","3,674",364,633,578,117,317,726,822,694,313,543,424,97,300,595,656,540,"1,848","2,425","2,418","2,479","2,749","3,351","3,904","4,358",367,529,294,330,384,504,503,518,"1,482","1,896","2,124","2,149","2,365","2,847","3,401","3,840","1,481","1,896","2,124","2,149","2,365","2,849","3,402","3,840",97,99,99,99,99,100,100,100,20.46,25.40,17.52,3.98,11.48,19.50,18.09,13.06,25.85,32.17,21.09,4.56,13.30,22.80,20.98,14.90,"1,754","2,772","2,145",493,"1,519","3,007","3,316","2,729",15.28,13.78,5.66,50.68,19.53,10.48,9.50,11.54,3.51,3.77,1.04,2.13,2.25,2.02,1.71,1.53,"19,406","19,768","19,768","19,768","19,768", , , 
49,49,053280,예스24 *,"13,150/ -650","25,000,000/ 0",0,"4,210","4,568","5,064","4,987","6,156","9,034","9,600","10,534",12,-9,-18,66,88,140,165,212,7,-3,-54,-2,-1,97,120,171,"1,872","2,023","2,044","2,399","3,608","4,420","4,654","5,033","1,122","1,261","1,366","1,755","1,954","2,703","2,851","3,094",751,762,678,644,"1,654","1,717","1,803","1,939",738,751,671,639,"1,655","1,717","1,803","1,939",86,86,86,86,86,86,86,86,0.38,-0.14,-2.67,-0.08,-0.05,2.42,2.64,3.53,0.86,-0.10,-7.38,0.01,0.12,5.75,6.82,9.09,26,-3,-210,0,6,388,480,680,157.06,N/A,N/A,"24,403.42","1,779.92",33.89,27.40,19.34,1.38,1.26,1.23,2.01,1.54,1.91,1.82,1.70,"25,000","25,000","25,000","25,000","25,000", , , 
50,50,096870,엘디티 *,"6,000/ -300","6,678,400/ 0",0,76,93,72,70,121, , , ,-14,-10,3,-13,16, , , ,-24,-38,4,-14,13, , , ,172,117,121,118,139, , , ,26,8,8,19,27, , , ,146,109,113,99,112, , , ,146,109,113,99,112, , , ,33,33,33,33,33, , , ,-12.76,-26.05,3.60,-11.71,10.48, , , ,-15.15,-29.57,3.86,-13.22,12.78, , , ,-359,-564,64,-209,202, , , ,N/A,N/A,41.25,N/A,16.17, , , ,1.53,2.10,1.56,1.90,1.94, , , ,"6,678","6,678","6,678","6,678","6,678", , , 
51,51,059210,메타바이오메드 *,"3,040/ -90","23,862,351/ 0","17,957",658,653,526,594,472, , , ,40,23,-2,58,20, , , ,7,-40,-11,36,-41, , , ,"1,201","1,197",977,"1,033","1,079", , , ,672,724,464,484,583, , , ,528,473,513,549,495, , , ,516,460,500,533,480, , , ,109,109,119,119,119, , , ,0.64,-3.31,-1.02,3.56,-3.87, , , ,1.25,-8.41,-2.39,6.48,-8.09, , , ,29,-188,-49,140,-172, , , ,164.46,N/A,N/A,19.86,N/A, , , ,1.99,1.61,1.35,1.20,1.32, , , ,"21,874","21,874","23,862","23,862","23,862", , , 
52,52,097870,효성오앤비 *,"11,850/ -600","8,490,000/ 0",0,404,344,302,284,293, , , ,64,61,40,15,20, , , ,51,53,39,18,15, , , ,712,651,653,702,723, , , ,115,55,53,66,103, , , ,597,596,600,636,620, , , ,597,596,600,618,603, , , ,29,29,42,42,42, , , ,7.15,7.75,5.95,2.67,2.08, , , ,8.75,8.86,6.49,3.01,2.61, , , ,597,622,457,216,188, , , ,16.12,13.55,31.72,40.76,34.07, , , ,1.37,1.12,1.88,1.11,0.79, , , ,"8,490","8,490","8,490","8,490","8,490", , , 
53,53,087730,이엠네트웍스 *,"8,160/ +0","3,256,190/ 0","218,579",183,163,133,130,178, , , ,-20,-15,-36,-87,-88, , , ,-7,-21,-77,-917,-178, , , ,224,197,762,588,370, , , ,81,72,477,514,430, , , ,143,125,285,74,-61, , , ,143,125,285,51,-61, , , ,14,14,18,49,49, , , ,-2.93,-10.04,-16.17,-135.83,-37.07, , , ,-4.59,-15.77,-37.83,-539.27,완전잠식, , , ,-707,"-2,214","-7,240","-48,477","-5,452", , , ,N/A,N/A,N/A,N/A,N/A, , , ,1.89,2.64,6.98,18.26,N/A, , , ,953,953,"1,172","3,252","3,256", , , 
54,54,091440,텔레필드 *,"4,020/ -90","9,175,875/ 0",0,431,374,302,565,400, , , ,-17,9,-109,57,-58, , , ,-26,6,-128,49,-69, , , ,552,548,494,582,624, , , ,303,293,271,310,417, , , ,249,256,223,272,207, , , ,245,250,223,270,206, , , ,35,35,45,45,46, , , ,-5.06,1.16,-24.54,9.08,-11.40, , , ,-10.21,2.11,-52.20,19.28,-28.63, , , ,-379,75,"-1,357",522,-743, , , ,N/A,39.43,N/A,6.53,N/A, , , ,1.18,0.80,1.05,1.11,1.36, , , ,"6,957","6,957","9,097","9,097","9,176", , , 
55,55,096040,이트론 *,703/ +26,"524,598,748/ 0",0,242,156,85,290,413, , , ,-23,2,-44,-23,5, , , ,-98,-19,-62,-32,-91, , , ,579,531,470,"1,049","1,119", , , ,74,44,24,395,398, , , ,505,487,446,654,720, , , ,505,487,446,654,720, , , ,363,363,480,699,949, , , ,-18.98,-3.36,-12.45,-4.16,-8.44, , , ,-23.27,-3.76,-13.36,-5.74,-13.31, , , ,-83,-10,-29,-11,-19, , , ,N/A,N/A,N/A,N/A,N/A, , , ,2.02,1.09,0.98,1.41,1.84, , , ,"181,356","181,356","239,950","349,599","474,599", , , 
56,56,097780,에스맥 *,"1,330/ -25","283,260,138/ 0","3,750,000","1,395","1,682","1,414","1,680","2,201", , , ,-34,113,122,107,167, , , ,-40,78,85,-139,263, , , ,"1,832","1,977","3,417","3,498","4,422", , , ,824,607,"1,050","1,138",864, , , ,"1,008","1,371","2,367","2,360","3,558", , , ,"1,008","1,371","2,254","2,212","2,895", , , ,122,299,442,466,522, , , ,-2.49,4.12,3.14,-4.03,6.64, , , ,-4.50,6.59,4.01,-6.43,12.75, , , ,-39,56,34,-64,125, , , ,N/A,21.00,29.14,N/A,14.40, , , ,1.53,1.27,0.99,1.37,1.59, , , ,"120,782","149,576","220,938","232,930","261,146", , , 
57,57,096630,에스코넥 *,"2,350/ +15","66,167,999/ 0",0,"3,346","3,656","3,671","2,545","1,852", , , ,176,194,180,-147,-276, , , ,110,141,147,-122,-426, , , ,"1,783","1,690","1,771","1,621","1,644", , , ,"1,002",821,756,707,"1,126", , , ,781,870,"1,015",914,518, , , ,771,858,"1,000",903,470, , , ,131,131,131,131,131, , , ,6.55,8.11,8.52,-7.21,-26.12, , , ,14.73,17.11,15.47,-12.80,-59.88, , , ,162,214,220,-187,-630, , , ,14.99,10.12,7.45,N/A,N/A, , , ,1.86,1.51,0.98,1.14,2.27, , , ,"65,266","65,266","65,266","65,266","65,266", , , 
58,58,068330,일신바이오 *,"6,360/ +10","44,216,140/ 0",0,134,128,154,196,210, , , ,30,23,30,52,56, , , ,27,18,27,47,40, , , ,377,385,395,456,495, , , ,47,36,46,61,52, , , ,329,349,349,395,444, , , ,330,352,357,402,444, , , ,44,44,44,44,44, , , ,8.00,4.75,6.96,11.15,8.34, , , ,9.40,6.17,8.91,12.26,9.39, , , ,61,48,71,105,90, , , ,47.81,48.74,24.90,20.05,87.97, , , ,3.90,2.91,2.05,2.18,7.43, , , ,"44,216","44,216","44,216","44,216","44,216", , , 
59,59,093920,서원인텍 *,"7,360/ -20","18,600,000/ 0",0,"3,576","2,827","2,470","2,950","3,156", , , ,152,97,51,204,185, , , ,193,31,50,127,169, , , ,"2,272","1,969","1,923","2,014","2,086", , , ,623,432,391,405,367, , , ,"1,649","1,537","1,532","1,608","1,720", , , ,"1,648","1,536","1,531","1,606","1,718", , , ,93,93,93,93,93, , , ,8.57,1.48,2.55,6.44,8.26, , , ,11.86,1.92,3.15,7.97,10.08, , , ,"1,028",164,260,672,901, , , ,10.46,49.96,18.14,10.92,8.55, , , ,1.21,0.99,0.57,0.85,0.83, , , ,"18,600","18,600","18,600","18,600","18,600", , , 
60,60,067010,이씨에스 *,"8,190/ +440","12,294,000/ 0","717,512",557,619,634,704,748, , , ,26,26,14,35,48, , , ,27,29,19,39,49, , , ,528,583,596,633,673, , , ,114,150,158,185,188, , , ,414,432,438,448,485, , , ,414,432,438,448,485, , , ,38,38,38,68,68, , , ,4.64,5.31,3.19,6.28,7.52, , , ,6.59,6.97,4.33,8.72,10.53, , , ,179,197,125,276,399, , , ,14.81,12.11,17.77,14.64,17.90, , , ,0.91,0.79,0.73,1.11,1.81, , , ,"15,000","15,000","15,000","12,294","12,294", , , 
61,61,096350,대창솔루션 *,697/ -14,"163,761,009/ 0","81,630",493,428,517,652,475, , , ,-60,-80,-81,10,-112, , , ,-84,-113,-111,-48,-267, , , ,"1,465","1,373","1,513","1,565","1,246", , , ,882,811,"1,008",904,819, , , ,583,562,505,662,428, , , ,582,562,504,661,428, , , ,56,91,108,160,164, , , ,-5.57,-7.98,-7.70,-3.15,-18.97, , , ,-13.85,-19.80,-20.85,-8.25,-48.93, , , ,-135,-153,-111,-33,-165, , , ,N/A,N/A,N/A,N/A,N/A, , , ,0.45,0.38,1.62,0.93,1.77, , , ,"62,034","91,000","108,455","160,429","163,761", , , 
62,62,069920,아이에스이커머스 *,"3,545/ -85","25,826,362/ 0","735,000",786,365,349,209,294, , , ,-4,-14,-60,-47,-3, , , ,0,337,-131,-164,-97, , , ,888,970,815,790,719, , , ,423,214,191,295,314, , , ,464,756,624,495,405, , , ,350,756,624,499,410, , , ,128,128,128,128,129, , , ,0.03,36.28,-14.68,-20.50,-12.81, , , ,5.36,60.93,-18.99,-28.72,-20.91, , , ,70,"1,321",-514,-630,-368, , , ,63.07,2.80,N/A,N/A,N/A, , , ,3.22,1.25,1.57,2.12,2.33, , , ,"25,514","25,514","25,514","25,575","25,826", , , 
63,63,096610,알에프세미 *,"4,880/ -210","10,248,666/ 0","27,644",642,622,519,424,339, , , ,26,2,6,-8,-210, , , ,10,-14,2,-28,-203, , , ,901,936,"1,050","1,025",877, , , ,361,416,523,527,505, , , ,540,520,527,499,373, , , ,540,520,527,499,373, , , ,41,41,41,41,47, , , ,1.16,-1.50,0.22,-2.65,-21.35, , , ,1.94,-2.56,0.45,-5.37,-46.59, , , ,129,-167,29,-339,"-2,138", , , ,69.00,N/A,194.72,N/A,N/A, , , ,1.33,0.99,0.86,0.87,1.44, , , ,"8,121","8,121","8,121","8,121","9,495", , , 
64,64,092070,디엔에프 *,"30,200/ +300","10,761,828/ 0",50,582,744,742,588,951, , , ,121,151,148,52,118, , , ,104,132,141,22,144, , , ,939,"1,022","1,156","1,101","1,564", , , ,227,207,255,199,414, , , ,711,815,901,903,"1,150", , , ,711,815,901,903,"1,130", , , ,54,54,54,54,54, , , ,12.04,13.50,12.96,1.98,10.82, , , ,15.83,17.34,16.46,2.47,14.78, , , ,970,"1,230","1,312",207,"1,396", , , ,16.91,11.79,5.78,45.58,15.19, , , ,2.42,1.81,0.84,1.05,2.02, , , ,"10,762","10,762","10,762","10,762","10,762", , , 
65,65,094820,일진파워 *,"9,560/ -130","15,078,709/ 0","3,300","1,327","1,407","1,576","1,828","1,680", , , ,82,178,191,144,131, , , ,67,146,158,118,107, , , ,"1,147","1,156","1,354","1,483","1,580", , , ,494,377,461,523,576, , , ,653,780,894,960,"1,004", , , ,653,780,894,960,"1,004", , , ,75,75,75,75,75, , , ,6.07,12.68,12.62,8.30,6.96, , , ,10.53,20.38,18.93,12.70,10.85, , , ,442,968,"1,050",781,707, , , ,11.23,5.36,5.48,6.94,7.84, , , ,1.12,0.98,0.95,0.84,0.82, , , ,"15,079","15,079","15,079","15,079","15,079", , , 
66,66,086670,비엠티 *,"14,300/ +550","8,146,529/ 0",0,411,636,769,744,896, , , ,-12,60,82,64,67, , , ,-12,31,69,54,40, , , ,943,973,"1,100","1,175","1,479", , , ,390,397,438,471,748, , , ,553,576,662,704,732, , , ,564,587,674,703,731, , , ,41,41,41,41,41, , , ,-1.26,3.20,6.69,4.73,3.02, , , ,-1.77,5.44,11.06,7.81,5.58, , , ,-124,385,856,661,492, , , ,N/A,15.75,8.60,10.26,23.19, , , ,1.21,0.82,0.89,0.79,1.27, , , ,"8,147","8,147","8,147","8,147","8,147", , , 
67,67,095190,이엠코리아 *,"4,945/ -55","42,581,037/ 0",0,"1,026","1,046","1,075",800,768, , , ,-36,-3,-13,-115,-32, , , ,-68,-24,-27,-160,-24, , , ,"1,746","1,970","1,819","1,851","1,858", , , ,"1,153","1,189",949,"1,097","1,026", , , ,593,781,871,754,831, , , ,572,765,858,754,831, , , ,107,161,182,182,200, , , ,-3.99,-1.31,-1.44,-8.69,-1.30, , , ,-11.78,-2.81,-2.90,-19.80,-3.05, , , ,-288,-78,-65,-439,-60, , , ,N/A,N/A,N/A,N/A,N/A, , , ,1.56,1.13,2.48,2.09,2.83, , , ,"24,030","32,114","36,333","36,333","39,922", , , 
68,68,092300,현우산업 *,"5,840/ -250","15,474,878/ 0","9,792","1,191","1,274","1,478","1,685","1,529", , , ,51,60,47,51,1, , , ,28,43,62,22,11, , , ,"1,209","1,380","1,552","1,660","1,741", , , ,604,701,838,905,988, , , ,605,679,713,755,752, , , ,605,679,713,755,752, , , ,61,72,72,77,77, , , ,2.33,3.31,4.22,1.39,0.66, , , ,4.82,6.68,8.88,3.05,1.49, , , ,257,345,432,146,73, , , ,12.29,9.64,7.38,23.34,48.99, , , ,0.63,0.70,0.63,0.68,0.72, , , ,"12,124","14,317","14,317","15,303","15,406", , , 
69,69,093640,다믈멀티미디어 *,"3,710/ -125","13,140,876/ 0","810,391",257,183,111,131,89, , , ,2,-28,-26,10,1, , , ,1,-41,-36,5,-11, , , ,149,111,150,334,312, , , ,68,70,65,122,66, , , ,81,41,85,212,246, , , ,81,41,85,212,246, , , ,33,33,40,54,63, , , ,0.57,-32.03,-27.78,2.22,-3.54, , , ,1.07,-68.40,-57.58,3.61,-4.99, , , ,13,-636,-514,53,-91, , , ,474.15,N/A,N/A,67.71,N/A, , , ,4.87,7.73,4.01,1.85,1.74, , , ,"6,500","6,533","7,945","10,799","12,600", , , 
70,70,095910,에스에너지 *,"4,420/ -155","19,396,669/ 0",0,"3,046","2,251","1,655","2,169","2,548", , , ,75,82,-15,10,-59, , , ,30,-28,-124,-75,-193, , , ,"3,455","3,019","3,204","3,284","3,279", , , ,"2,518","1,999","1,974","2,099","1,877", , , ,937,"1,020","1,230","1,185","1,403", , , ,933,"1,009","1,052",990,955, , , ,58,66,67,67,74, , , ,0.95,-0.86,-3.98,-2.32,-5.89, , , ,3.09,-3.60,-12.43,-8.21,-20.55, , , ,227,-250,-905,-593,"-1,280", , , ,32.31,N/A,N/A,N/A,N/A, , , ,0.90,0.90,0.70,0.48,1.13, , , ,"12,319","13,988","14,153","14,153","15,613", , , 
71,71,081580,성우전자 *,"3,595/ -40","15,508,143/ 0",0,"1,727","1,835","1,586","1,187","1,138", , , ,83,86,67,-51,-47, , , ,125,73,88,-54,-38, , , ,"1,422","1,398","1,377","1,269","1,217", , , ,419,369,278,239,237, , , ,"1,002","1,029","1,100","1,030",980, , , ,"1,007","1,033","1,100","1,023",974, , , ,78,78,78,78,78, , , ,9.34,5.17,6.34,-4.07,-3.04, , , ,13.56,7.10,7.97,-5.59,-3.58, , , ,830,467,548,-383,-230, , , ,5.99,9.26,5.21,N/A,N/A, , , ,0.77,0.65,0.40,0.41,0.44, , , ,"15,508","15,508","15,508","15,508","15,508", , , 
72,72,073110,엘엠에스 *,"10,850/ -250","8,895,755/ 0","405,734","1,135","1,437","1,094","1,632","1,197", , , ,91,195,113,95,-125, , , ,-117,95,66,111,-185, , , ,"2,051","2,002","1,965","2,464","2,137", , , ,943,866,785,"1,220","1,135", , , ,"1,107","1,136","1,180","1,244","1,002", , , ,"1,107","1,136","1,180","1,244","1,002", , , ,45,45,45,45,45, , , ,-5.43,4.68,3.35,5.02,-8.03, , , ,-9.98,8.46,5.74,9.17,-16.44, , , ,"-1,311","1,066",747,"1,249","-2,076", , , ,N/A,8.83,8.64,14.01,N/A, , , ,0.59,0.66,0.43,1.09,0.98, , , ,"8,896","8,896","8,896","8,896","8,896", , , 
73,73,094970,제이엠티 *,"4,435/ -230","16,748,240/ 0",0,965,"1,480","1,470",833,794, , , ,8,140,133,20,108, , , ,7,78,107,10,53, , , ,570,991,888,717,"1,200", , , ,198,553,338,164,622, , , ,372,438,550,553,578, , , ,372,438,550,553,578, , , ,84,84,84,84,84, , , ,1.40,10.00,11.42,1.19,5.54, , , ,1.96,19.27,21.73,1.74,9.39, , , ,43,466,640,57,317, , , ,71.81,14.14,4.37,67.05,9.15, , , ,1.39,2.51,0.85,1.16,0.84, , , ,"16,748","16,748","16,748","16,748","16,748", , , 
74,74,080520,오디텍 *,"7,850/ -40","11,746,609/ 0",0,557,490,452,416,422, , , ,96,43,11,12,13, , , ,101,40,35,21,55, , , ,"1,261","1,220","1,253","1,245","1,307", , , ,104,79,75,70,95, , , ,"1,157","1,141","1,179","1,175","1,212", , , ,"1,157","1,141","1,179","1,175","1,212", , , ,59,59,59,59,59, , , ,8.40,3.20,2.80,1.71,4.31, , , ,9.13,3.45,2.98,1.82,4.61, , , ,859,337,295,182,468, , , ,9.81,25.04,19.97,26.75,11.23, , , ,0.83,0.83,0.56,0.47,0.49, , , ,"11,747","11,747","11,747","11,747","11,747", , , 
75,75,095340,ISC *,"27,300/ -1,500","16,544,516/ 0",0,936,"1,126","1,019",877,"1,218", , , ,108,230,123,20,181, , , ,88,161,122,32,55, , , ,"1,965","2,112","2,168","2,085","2,395", , , ,337,395,387,300,667, , , ,"1,628","1,718","1,781","1,784","1,727", , , ,"1,504","1,605","1,684","1,699","1,727", , , ,65,68,69,71,71, , , ,4.48,7.91,5.68,1.50,2.46, , , ,6.68,11.10,8.13,2.57,3.68, , , ,695,"1,220",945,308,445, , , ,23.07,15.77,9.12,31.70,60.62, , , ,1.50,1.65,0.71,0.79,2.16, , , ,"14,143","14,143","14,143","14,143","14,143", , , 
76,76,085910,네오티스 *,"4,980/ -70","12,781,259/ 0",0,402,435,452,424,380, , , ,25,33,47,34,37, , , ,-16,-72,32,15,4, , , ,849,810,866,869,"1,030", , , ,285,349,421,432,607, , , ,563,461,446,437,422, , , ,556,453,437,427,411, , , ,55,55,55,55,55, , , ,-1.89,-8.74,3.79,1.68,0.39, , , ,-2.77,-14.48,6.83,3.13,0.45, , , ,-147,-663,276,123,17, , , ,N/A,N/A,15.40,30.93,228.22, , , ,0.96,1.11,0.96,0.88,0.94, , , ,"11,014","11,014","11,014","11,014","11,014", , , 
77,77,095500,미래나노텍 *,"4,590/ -105","28,816,529/ 0","85,500","3,145","2,806","2,781","2,930","4,036", , , ,128,55,39,29,320, , , ,-9,103,69,17,210, , , ,"2,984","2,842","3,034","3,160","3,563", , , ,"1,476","1,196","1,403","1,415","1,519", , , ,"1,509","1,646","1,631","1,745","2,044", , , ,"1,357","1,450","1,445","1,540","1,825", , , ,116,116,116,116,128, , , ,-0.31,3.53,2.35,0.54,6.24, , , ,0.76,7.07,4.19,0.56,12.70, , , ,44,426,261,36,833, , , ,157.95,11.51,12.35,109.57,3.78, , , ,1.02,0.67,0.43,0.49,0.37, , , ,"23,290","23,290","23,290","23,290","25,658", , , 
78,78,027580,상보 *,"2,295/ -40","50,052,242/ 0","56,604","1,517","1,278",527,"1,182","1,301", , , ,-108,-38,19,0,67, , , ,-203,-59,-293,-104,32, , , ,"1,644","1,612","1,182","1,046","1,112", , , ,"1,108","1,156",983,751,774, , , ,536,456,199,294,338, , , ,536,456,199,294,338, , , ,136,136,142,233,234, , , ,-11.88,-3.61,-21.01,-9.30,2.99, , , ,-37.51,-11.86,-89.67,-42.03,10.21, , , ,-780,-204,-991,-279,69, , , ,N/A,N/A,N/A,N/A,19.11, , , ,1.71,0.98,2.10,1.56,1.70, , , ,"28,798","28,798","30,061","46,681","46,818", , , 
79,79,086040,바이오톡스텍 *,"10,900/ +450","14,667,123/ 1","30,735",223,256,272,259,264, , , ,22,22,23,-1,5, , , ,12,12,35,-17,24, , , ,480,598,631,602,637, , , ,224,285,274,290,294, , , ,256,312,357,312,343, , , ,245,266,313,302,335, , , ,72,73,73,73,73, , , ,2.48,2.18,5.67,-2.77,3.82, , , ,4.43,5.44,12.53,-5.15,8.20, , , ,72,96,249,-109,179, , , ,78.00,73.03,33.36,N/A,84.90, , , ,3.30,3.81,3.85,3.02,6.60, , , ,"14,420","14,506","14,565","14,588","14,625", , , 
80,80,090740,연이비앤티 *,"2,395/ +5","19,126,082/ 0",8,"3,980","2,720","2,873","3,161","2,672", , , ,75,-131,58,116,15, , , ,-8,-183,11,64,-924, , , ,"1,493","1,258","1,338","2,377","1,360", , , ,755,729,754,"1,350","1,209", , , ,738,529,584,"1,027",151, , , ,738,538,555,826,90, , , ,80,80,80,94,96, , , ,-0.51,-13.33,0.89,3.47,-49.44, , , ,-1.11,-25.05,3.60,9.34,-168.44, , , ,-52,-999,123,399,"-4,082", , , ,N/A,N/A,26.69,16.24,N/A, , , ,0.71,0.59,0.81,1.34,7.32, , , ,"16,000","16,000","16,000","18,899","19,126", , , 
81,81,057540,옴니시스템 *,"2,550/ -80","46,449,355/ 0",0,697,"1,206","1,140",940,983, , , ,26,35,26,-20,-8, , , ,27,65,32,187,-46, , , ,"1,016","1,271","1,252","1,366","1,215", , , ,332,525,475,407,225, , , ,684,746,776,959,990, , , ,664,723,755,946,983, , , ,203,203,203,203,232, , , ,2.75,5.72,2.52,14.29,-3.53, , , ,3.85,9.07,4.31,22.13,-4.76, , , ,62,155,78,463,-99, , , ,42.10,14.97,22.53,4.24,N/A, , , ,1.60,1.30,0.95,0.84,1.10, , , ,"40,679","40,679","40,679","40,679","46,449", , , 
82,82,094940,푸른기술 *,"12,650/ -650","8,361,386/ 0",0,190,215,249,234,237, , , ,2,8,6,4,1, , , ,4,9,13,6,10, , , ,290,317,340,356,384, , , ,70,76,76,70,88, , , ,219,241,264,286,296, , , ,219,241,264,286,296, , , ,28,33,33,33,33, , , ,1.47,2.81,4.00,1.72,2.62, , , ,2.00,3.70,5.20,2.17,3.33, , , ,52,102,157,71,116, , , ,87.14,43.04,101.45,174.61,80.15, , , ,1.40,1.30,4.42,3.28,2.36, , , ,"8,361","8,361","8,361","8,361","8,361", , , 
83,83,095270,웨이브일렉트로 *,"5,100/ -50","14,971,256/ 0",0,447,553,481,373,398, , , ,-31,21,-85,-245,-130, , , ,-30,10,-94,-394,-285, , , ,890,882,929,732,602, , , ,497,439,495,618,490, , , ,393,443,434,114,112, , , ,379,418,404,99,104, , , ,53,53,54,55,74, , , ,-3.99,1.15,-10.41,-47.39,-42.66, , , ,-10.71,1.01,-24.10,-152.52,-273.02, , , ,-330,35,-854,"-3,245","-2,212", , , ,N/A,551.38,N/A,N/A,N/A, , , ,5.03,5.02,5.48,20.79,7.30, , , ,"11,365","11,430","11,585","11,808","14,708", , , 
84,84,093190,빅솔론 *,"6,260/ +80","19,238,905/ 0","1,142,312",876,894,852,848,745, , , ,133,141,126,95,41, , , ,144,206,145,96,56, , , ,"1,373","1,616","1,629","1,641","1,648", , , ,172,231,167,172,169, , , ,"1,202","1,385","1,463","1,469","1,480", , , ,"1,193","1,379","1,457","1,465","1,480", , , ,51,96,96,96,96, , , ,10.83,13.80,8.91,5.85,3.40, , , ,12.34,16.24,10.29,6.57,3.80, , , ,741,"1,085",758,499,291, , , ,9.27,6.11,8.27,11.20,15.86, , , ,1.03,0.87,0.76,0.66,0.53, , , ,"19,239","19,239","19,239","19,239","19,239", , , 
85,85,091340,S&K폴리텍 *,"6,060/ -90","11,703,721/ 0",0,634,"1,786","2,820","3,380","2,550", , , ,36,98,135,257,35, , , ,28,43,84,153,-84, , , ,"1,383","2,219","1,967","2,467","2,473", , , ,801,"1,525","1,240","1,579","1,270", , , ,582,694,727,888,"1,203", , , ,538,687,727,888,912, , , ,44,59,59,59,59, , , ,2.51,2.37,4.03,6.92,-3.39, , , ,5.36,5.92,11.94,19.00,-6.92, , , ,328,374,722,"1,311",-532, , , ,13.92,14.98,5.03,6.46,N/A, , , ,0.74,0.95,0.57,1.09,0.66, , , ,"8,737","11,704","11,704","11,704","11,704", , , 
86,86,072770,율호 *,"3,090/ -110","38,967,004/ 0",0,608,564,552,637,832, , , ,11,-69,7,16,15, , , ,11,-78,-25,-9,11, , , ,538,445,430,640,611, , , ,244,227,179,382,334, , , ,295,218,251,258,278, , , ,293,216,251,229,251, , , ,152,152,180,180,183, , , ,2.90,-15.77,-5.68,-1.66,1.74, , , ,5.35,-30.47,-10.64,-9.34,4.58, , , ,40,-256,-72,-62,30, , , ,36.77,N/A,N/A,N/A,47.15, , , ,1.54,1.82,2.53,2.11,2.08, , , ,"30,310","30,310","35,958","35,958","36,677", , , 
87,87,094480,갤럭시아머니트리 *,"6,660/ -170","39,229,838/ 0",0,539,691,814,856,812, , , ,47,40,75,87,77, , , ,37,31,48,88,45, , , ,"1,433","1,835","2,300","2,404","2,621", , , ,900,"1,191","1,464","1,490","1,701", , , ,533,644,836,914,920, , , ,526,650,842,920,920, , , ,163,174,196,196,196, , , ,2.75,1.88,2.33,3.76,1.79, , , ,7.50,7.36,6.49,10.04,4.24, , , ,112,122,127,225,99, , , ,41.89,45.71,21.72,14.93,36.46, , , ,2.53,2.63,1.15,1.29,1.39, , , ,"33,375","35,556","39,230","39,230","39,230", , , 
88,88,086520,에코프로 *,"101,000/ +3,500","18,701,387/ 0","227,967","1,705","3,290","6,694","7,023","9,468","14,030","22,167","31,600",101,218,623,478,824,"1,355","2,111","3,020",-72,-33,462,374,542,"6,560","1,840","2,550","3,464","4,481","6,675","9,278","12,832","20,900","24,930","30,120","1,727","2,637","4,357","4,809","6,945","8,460","10,710","13,400","1,737","1,844","2,319","4,470","5,887","12,440","14,220","16,720","1,444","1,466","1,809","2,752","3,266","6,130","6,870","7,930",107,110,110,110,110,110,110,120,-2.55,-0.83,8.28,4.68,4.90,38.90,8.03,9.26,-7.16,-4.71,24.03,9.33,7.87,61.09,12.31,15.14,-447,-305,"1,747",945,"1,052","14,364","4,278","5,989",N/A,N/A,12.84,16.15,32.73,7.03,23.61,16.86,1.11,4.11,2.79,1.25,2.34,3.06,2.73,2.37,"21,787","22,528","22,528","22,528","22,528", , , 
89,89,065150,엠피대산 *,893/ -1,"125,282,405/ 0","362,400","1,513","1,452","1,198","1,099",771, , , ,5,-17,-4,-25,-163, , , ,-21,-182,-210,-28,-226, , , ,"1,148",994,656,926,649, , , ,722,601,309,572,275, , , ,426,393,347,354,374, , , ,384,243,181,204,272, , , ,81,81,81,81,124, , , ,-1.86,-17.02,-25.43,-3.54,-28.73, , , ,-9.25,-66.67,-94.99,4.20,-68.72, , , ,-45,-259,-249,10,-187, , , ,N/A,N/A,N/A,261.38,N/A, , , ,5.05,4.68,5.41,5.12,5.80, , , ,"80,808","80,808","80,808","80,808","124,436", , , 
90,90,078340,컴투스 *,"111,700/ -1,800","12,866,420/ 0","146,716","5,130","5,080","4,818","4,693","5,090","6,242","7,843","8,511","1,920","1,946","1,466","1,260","1,141","1,447","2,068","2,318","1,518","1,424","1,297","1,096",764,"1,315","1,703","1,889","7,120","8,383","9,093","10,050","10,491","12,146","13,855","15,552",770,774,648,795,720,"1,168","1,388","1,373","6,350","7,609","8,445","9,254","9,771","10,978","12,468","14,179","6,350","7,609","8,440","9,197","9,733","10,967","12,484","14,159",64,64,64,64,64,62,62,63,23.45,18.37,14.84,11.45,7.44,11.62,13.10,12.85,26.53,20.40,16.15,12.68,8.49,12.72,14.56,14.20,"11,796","11,066","10,075","8,693","6,246","10,234","13,267","14,704",7.39,12.30,12.80,12.37,25.50,10.91,8.42,7.60,1.70,2.24,1.86,1.41,1.95,1.22,1.08,0.96,"12,866","12,866","12,866","12,866","12,866", , , 
91,91,095660,네오위즈 *,"39,850/ +4,350","22,033,719/ 0","384,989","1,910","1,740","2,155","2,545","2,896","2,998","3,282","3,546",235,109,226,326,603,604,716,812,99,-21,335,276,622,616,629,712,"3,174","3,044","3,667","3,980","4,794","5,469","6,170","6,970",464,428,679,691,837,905,986,"1,083","2,711","2,616","2,988","3,289","3,956","4,563","5,184","5,886","2,717","2,626","2,985","3,230","3,875","4,470","5,081","5,770",110,110,110,110,110,110,110,110,2.85,-0.69,9.99,7.22,14.17,12.00,10.81,10.84,3.85,-0.57,11.42,7.78,16.95,14.41,12.86,12.84,471,-70,"1,462","1,104","2,747","2,729","2,788","3,161",24.08,N/A,8.38,15.36,8.17,14.60,14.29,12.61,0.85,0.95,0.85,1.10,1.23,1.90,1.68,1.49,"21,915","21,915","21,915","21,915","22,034", , , 
92,92,092600,앤씨앤 *,"4,815/ -165","22,197,922/ 0","12,610",641,534,588,785,878,"1,304", , ,-13,-109,-165,-116,-119,3, , ,8,-90,-157,-69,-169, , , ,653,604,543,715,988, , , ,94,123,215,303,745, , , ,559,481,328,412,243, , , ,557,476,331,425,269, , , ,67,67,67,105,105, , , ,1.22,-14.26,-27.38,-10.90,-19.87, , , ,2.03,-16.05,-36.68,-15.64,-45.91,0.74, , ,79,-575,"-1,027",-351,-760,9, , ,78.61,N/A,N/A,N/A,N/A,534.41, , ,1.58,1.76,3.13,1.08,3.36, , , ,"14,415","14,415","14,415","20,948","20,948", , , 
93,93,069410,엔텔스 *,"14,000/ -900","10,244,824/ 0","208,033",565,469,623,602,567, , , ,3,-18,17,28,43, , , ,3,-35,23,20,74, , , ,533,555,561,659,605, , , ,110,168,154,237,114, , , ,422,387,407,421,491, , , ,422,387,407,421,491, , , ,34,34,34,34,34, , , ,0.55,-6.49,4.18,3.33,11.65, , , ,0.68,-8.73,5.89,4.91,16.15, , , ,28,-345,228,198,719, , , ,324.38,N/A,30.73,31.75,8.44, , , ,2.17,2.54,1.73,1.48,1.22, , , ,"10,245","10,245","10,245","10,245","10,245", , , 
94,94,093380,풍강 *,"5,030/ +75","9,879,313/ 0","39,850",863,833,790,815,639, , , ,24,31,7,15,2, , , ,19,26,8,12,2, , , ,913,924,927,884,832, , , ,328,317,326,274,223, , , ,585,606,601,610,609, , , ,585,606,600,609,608, , , ,49,49,49,49,49, , , ,2.08,2.88,0.92,1.28,0.18, , , ,3.19,4.46,1.35,1.81,0.26, , , ,188,269,82,111,16, , , ,22.08,13.50,40.50,27.89,173.62, , , ,0.69,0.58,0.54,0.49,0.44, , , ,"9,879","9,879","9,879","9,879","9,879", , , 
95,95,086450,동국제약 *,"25,350/ -150","44,460,000/ 770,420","2,998,775","3,097","3,548","4,008","4,823","5,591","6,124","6,922","7,833",469,501,551,686,847,896,"1,050","1,239",407,409,494,591,579,707,834,970,"3,251","3,733","4,802","5,444","6,632","7,253","8,094","9,046",868,938,"1,486","1,590","2,274","2,291","2,410","2,520","2,383","2,795","3,316","3,854","4,358","4,963","5,684","6,526","2,373","2,639","3,130","3,629","4,114","4,711","5,422","6,252",222,222,226,226,226,226,226,226,13.57,11.70,11.58,11.53,9.59,10.18,10.86,11.31,18.61,15.80,16.27,16.66,14.45,15.59,15.97,16.10,915,891,"1,048","1,245","1,236","1,521","1,789","2,078",12.56,14.25,11.06,14.33,23.66,16.67,14.17,12.20,2.12,2.11,1.66,2.20,3.19,2.42,2.10,1.82,"44,460","44,460","44,460","44,460","44,460", , , 
96,96,064820,케이프 *,"4,600/ -110","30,901,728/ 0","2,197,004","1,221","2,306","2,546","3,515","4,202", , , ,61,176,144,166,254, , , ,78,31,42,82,119, , , ,"14,698","13,233","22,192","19,497","20,807", , , ,"13,079","11,516","20,365","17,572","18,674", , , ,"1,619","1,717","1,827","1,925","2,133", , , ,"1,254","1,334","1,435","1,528","1,736", , , ,93,114,128,132,153, , , ,0.96,0.22,0.24,0.40,0.59, , , ,6.48,0.57,1.73,4.49,5.60, , , ,374,32,94,252,299, , , ,8.41,88.49,19.69,8.60,17.29, , , ,0.46,0.49,0.33,0.37,0.91, , , ,"18,519","22,898","25,529","26,336","30,543", , , 
97,97,091580,상신이디피 *,"19,250/ -250","13,341,861/ 0","6,910",768,998,"1,501","1,303","1,517", , , ,-4,61,157,91,195, , , ,-10,24,84,48,86, , , ,"1,009","1,033","1,427","1,481","1,614", , , ,642,652,853,860,890, , , ,367,382,574,621,724, , , ,367,382,574,621,724, , , ,56,56,63,63,65, , , ,-1.02,2.39,6.83,3.31,5.58, , , ,-2.71,6.52,17.57,8.06,12.84, , , ,-87,206,686,380,660, , , ,N/A,36.93,18.30,21.69,21.22, , , ,1.24,2.36,2.77,1.68,2.47, , , ,"11,822","11,822","12,665","12,665","13,095", , , 
98,98,092460,한라IMS *,"7,800/ -120","11,744,978/ 0",0,425,354,329,484,543, , , ,24,-6,-3,12,21, , , ,35,19,25,44,33, , , ,913,992,"1,052","1,128","1,298", , , ,219,257,287,319,486, , , ,694,735,765,809,812, , , ,694,735,765,809,812, , , ,50,53,57,59,59, , , ,3.80,2.01,2.43,4.00,2.71, , , ,5.16,2.68,3.32,5.54,4.06, , , ,351,182,219,375,280, , , ,26.85,35.92,31.95,20.21,22.79, , , ,1.34,0.92,1.00,1.05,0.86, , , ,"10,098","10,647","11,460","11,745","11,745", , , 
99,99,073540,에프알텍 *,"4,385/ -30","11,400,000/ 0",0,219,232,246,262,244, , , ,-51,-58,-29,-12,-13, , , ,-41,-27,-16,-17,-39, , , ,529,608,562,601,580, , , ,156,264,233,288,304, , , ,373,345,330,313,275, , , ,373,345,330,313,275, , , ,57,57,57,57,57, , , ,-7.17,-4.80,-2.73,-2.92,-6.62, , , ,-10.49,-7.60,-4.74,-5.28,-13.29, , , ,-362,-239,-140,-149,-343, , , ,N/A,N/A,N/A,N/A,N/A, , , ,0.91,1.02,1.07,1.99,2.63, , , ,"11,400","11,400","11,400","11,400","11,400", , , 
